id,first_name,last_name,email,gender,ip_address
1,Rodrigo,Lock,rlock0@eventbrite.com,Agender,73.93.61.37
2,Nikos,Gutierrez,ngutierrez1@yahoo.com,Genderfluid,213.54.40.210
3,Eada,Sotham,esotham2@yellowpages.com,Bigender,28.236.183.89
4,Ana,Brazil,abrazil3@who.int,Polygender,142.30.140.225
5,Roman,Rohmer,rrohmer4@admin.ch,Genderqueer,235.197.52.85
6,Elyn,Sute,esute5@ftc.gov,Genderqueer,171.151.109.188
7,Omero,Childers,ochilders6@stanford.edu,Bigender,133.21.192.66
8,Stephana,Pipet,spipet7@parallels.com,Genderfluid,177.48.129.213
9,Anthiathia,Ulster,aulster8@weebly.com,Genderfluid,175.1.59.106
10,Yard,Pyson,ypyson9@jalbum.net,Non-binary,0.8.135.151
